<?xml version="1.0" encoding="utf-8"?>

<!--
@name     OpenCart
@package  Sorting Manager|Out Of Stock
@author   Andrii Burkatskyi, ocmod.space@gmail.com
@version  1.5.5
@link     https://www.ocmod.space/sorting-manager
@link     https://www.opencart.com/index.php?route=marketplace/extension/info&extension_id=38651
@link     https://github.com/ocmod-space/ocmod-sorting-manager
@licence  https://raw.githubusercontent.com/ocmod-space/ocmod-sorting-manager/main/EULA.txt
-->

<modification>
	<name>/ocmod.space/sorting_manager/out_of_stock</name>
	<code>sorting-manager--out-of-stock</code>
	<version>1.5.5</version>
	<author>Andrii Burkatskyi</author>
	<link>https://www.opencart.com/index.php?route=marketplace/extension&amp;filter_member=ocmod.space</link>

	<file path="catalog/model/catalog/product.php" error="log">
		<operation error="log">
			<search info="">
				<![CDATA[ORDER BY LCASE]]>
			</search>
			<add position="replace">
				<![CDATA[ORDER BY p.quantity > 1 DESC, LCASE]]>
			</add>
		</operation>

		<operation error="log">
			<search info="">
				<![CDATA[ORDER BY (CASE WHEN special]]>
			</search>
			<add position="replace">
				<![CDATA[ORDER BY p.quantity > 1 DESC, (CASE WHEN special]]>
			</add>
		</operation>

		<operation error="log">
			<search info="">
				<![CDATA[ORDER BY " . $data['sort']]]>
			</search>
			<add position="replace">
				<![CDATA[ORDER BY p.quantity > 1 DESC," . $data['sort']]]>
			</add>
		</operation>

		<operation error="log">
			<search info="">
				<![CDATA[ORDER BY reduction]]>
			</search>
			<add position="replace">
				<![CDATA[ORDER BY p.quantity > 1 DESC, reduction]]>
			</add>
		</operation>

		<operation error="log">
			<search info="">
				<![CDATA[ORDER BY p.sort_order]]>
			</search>
			<add position="replace">
				<![CDATA[ORDER BY p.sort_order > 1 DESC, p.sort_order]]>
			</add>
		</operation>
	</file>


	<file path="catalog/model/journal3/filter.php" error="skip">
		<operation error="log">
			<search info="">
				<![CDATA[ORDER BY RAND()]]>
			</search>
			<add position="replace">
				<![CDATA[ORDER BY p.quantity > 1 DESC, RAND()]]>
			</add>
		</operation>

		<operation error="log">
			<search info="">
				<![CDATA[ORDER BY LCASE]]>
			</search>
			<add position="replace">
				<![CDATA[ORDER BY p.quantity > 1 DESC, LCASE]]>
			</add>
		</operation>

		<operation error="log">
			<search info="">
				<![CDATA[ORDER BY (CASE WHEN special]]>
			</search>
			<add position="replace">
				<![CDATA[ORDER BY p.quantity > 1 DESC, (CASE WHEN special]]>
			</add>
		</operation>

		<operation error="log">
			<search info="">
				<![CDATA[ORDER BY " . $filter_data['sort']]]>
			</search>
			<add position="replace">
				<![CDATA[ORDER BY p.quantity > 1 DESC, " . $filter_data['sort']]]>
			</add>
		</operation>

		<operation error="log">
			<search info="">
				<![CDATA[ORDER BY reduction]]>
			</search>
			<add position="replace">
				<![CDATA[ORDER BY p.quantity > 1 DESC, reduction]]>
			</add>
		</operation>

	</file>
</modification>
