<?xml version="1.0" encoding="utf-8"?>

<!--
@name     Sorting Manager|Journal
@author   Andrii Burkatskyi, ocmod.space@gmail.com
@version  1.5.3
@link     https://www.ocmod.space/sorting-manager
@link     https://github.com/ocmod-space/ocmod-sorting-manager
@licence  https://raw.githubusercontent.com/ocmod-space/ocmod-sorting-manager/main/EULA.txt
-->

<modification>
	<name>#ocmod.space: sorting-manager|journal</name>
	<code>sorting-manager--journal</code>
	<version>1.5.3</version>
	<author>Andrii Burkatskyi</author>
	<link>https://www.opencart.com/index.php?route=marketplace/extension&amp;filter_member=ocmod.space</link>

	<file path="catalog/controller/product/catalog.php" error="log">
		<operation error="log">
		<search info="">
			<![CDATA[$this->load->model('catalog/product');]]>
		</search>
		<add position="after">
			<![CDATA[		$this->load->model('extension/module/sorting_manager');]]>
		</add>
		</operation>
	</file>

	<file path="catalog/controller/product/{catalog,category,manufacturer,search}.php" error="log">
		<operation error="log">
			<search>
				<![CDATA[$sort = $this->journal3->settings->get('productSort');]]>
			</search>
			<add position="replace">
				<![CDATA[$sort = 'p.sort_order';]]>
			</add>
		</operation>
		<operation error="log">
			<search>
				<![CDATA[$order = $this->journal3->settings->get('productOrder');]]>
			</search>
			<add position="replace">
				<![CDATA[$order = 'ASC';]]>
			</add>
		</operation>
		<operation error="log">
			<search>
				<![CDATA[$sort = 'p.sort_order';]]>
			</search>
			<add position="replace">
				<![CDATA[$sort = $this->model_extension_module_sorting_manager->getDefaultSort('category');]]>
			</add>
		</operation>
		<operation error="log">
			<search>
				<![CDATA[$order = 'ASC';]]>
			</search>
			<add position="replace">
				<![CDATA[$order = $this->model_extension_module_sorting_manager->getDefaultOrder('category');]]>
			</add>
		</operation>
		<!-- <operation error="log">
			<search>
				<![CDATA[$product_total = $this->model_journal3_filter->getTotalProducts();]]>
			</search>
			<add position="replace">
				<![CDATA[$product_total = $this->model_catalog_product->getTotalProducts($filter_data);]]>
			</add>
		</operation> -->
	</file>

	<file path="catalog/controller/product/special.php">
		<operation error="log">
			<search>
				<![CDATA[$sort = $this->journal3->settings->get('productSort');]]>
			</search>
			<add position="replace">
				<![CDATA[$sort = $this->model_extension_module_sorting_manager->getDefaultSort('special');]]>
			</add>
		</operation>
	</file>

	<file path="catalog/controller/product/special.php">
		<operation error="log">
			<search>
				<![CDATA[$order = $this->journal3->settings->get('productOrder');]]>
			</search>
			<add position="replace">
				<![CDATA[$order = $this->model_extension_module_sorting_manager->getDefaultOrder('special');]]>
			</add>
		</operation>
	</file>

	<file path="catalog/model/journal3/filter.php">
		<operation error="log" info="additional sorting methods">
			<search info="">
				<![CDATA['p.date_added']]>
			</search>
			<add position="before">
				<![CDATA[			/// << sorting-manager|journal
			'p.date_modified',
			'p.quantity',
			'reduction',
			/// >> sorting-manager|journal]]>
			</add>
		</operation>
		<operation error="log">
			<search>
				<![CDATA[) special,]]>
			</search>
			<add position="after">
				<![CDATA[
				(
					SELECT (1 - price/p.price)
					FROM `" . DB_PREFIX . "product_special` ps
					WHERE
						ps.product_id = p.product_id
						AND ps.customer_group_id = '" . (int)$this->config_customer_group_id . "'
						AND ((ps.date_start = '0000-00-00' OR ps.date_start < NOW())
						AND (ps.date_end = '0000-00-00' OR ps.date_end > NOW()))
					ORDER BY ps.priority ASC, ps.price ASC LIMIT 1
				) reduction,]]>
			</add>
		</operation>
		<operation error="log">
			<search>
				<![CDATA[} elseif ($filter_data['sort'] === 'p.price') {]]>
			</search>
			<add position="before">
				<![CDATA[
			/// << sorting-manager|journal
			} elseif ($filter_data['sort'] == 'reduction') {
				$sql .= " ORDER BY reduction " . ($filter_data['order'] ?? '') . ', p.price ';
			/// << sorting-manager|journal]]>
			</add>
		</operation>
		<operation error="log">
			<search>
				<![CDATA[if ($filter_data['order'] === 'DESC') {]]>
			</search>
			<add position="replace">
				<![CDATA[if ($filter_data['order'] == 'DESC' && $filter_data['sort'] != 'reduction') {]]>
			</add>
		</operation>
	</file>
</modification>
