<?xml version="1.0" encoding="utf-8"?>

<!--
@name     Sorting Manager|Journal
@author   Andrii Burkatskyi, ocmod.space@gmail.com
@version  1.4.0
@link     https://www.opencart.com/index.php?route=marketplace/extension/info&extension_id=38651
@link     https://github.com/ocmod-space/ocmod-live-product
@licence  https://raw.githubusercontent.com/ocmod-space/ocmod-sorting-manager/main/EULA.txt
-->

<modification>
	<name>#ocmod.space: sorting-manager|journal</name>
	<code>sorting-manager--journal</code>
	<version>1.4.0</version>
	<author>Andrii Burkatskyi</author>
	<link>https://www.opencart.com/index.php?route=marketplace/extension&amp;filter_member=ocmod.space</link>

	<file path="catalog/controller/product/catalog.php" error="log">
		<operation error="log">
		<search info="">
			<![CDATA[$this->load->model('catalog/product');]]>
		</search>
		<add position="after">
			<![CDATA[		$this->load->model('extension/module/sorting_manager');]]>
		</add>
		</operation>
	</file>

	<file path="catalog/controller/product/{catalog,category,manufacturer,search}.php" error="log">
		<operation error="log">
			<search>
				<![CDATA[$sort = $this->journal3->settings->get('productSort');]]>
			</search>
			<add position="replace">
				<![CDATA[$sort = 'p.sort_order';]]>
			</add>
		</operation>
		<operation error="log">
			<search>
				<![CDATA[$order = $this->journal3->settings->get('productOrder');]]>
			</search>
			<add position="replace">
				<![CDATA[$order = 'ASC';]]>
			</add>
		</operation>

		<operation error="log">
			<search>
				<![CDATA[$sort = 'p.sort_order';]]>
			</search>
			<add position="replace">
				<![CDATA[$sort = $this->model_extension_module_sorting_manager->getDefaultSort('category');]]>
			</add>
		</operation>
		<operation error="log">
			<search>
				<![CDATA[$order = 'ASC';]]>
			</search>
			<add position="replace">
				<![CDATA[$order = $this->model_extension_module_sorting_manager->getDefaultOrder('category');]]>
			</add>
		</operation>

		<!-- <operation error="log">
			<search>
				<![CDATA[$filter_data = array_merge($this->model_journal3_filter->parseFilterData(), $filter_data);]]>
			</search>
			<add position="replace">
				<![CDATA[// $filter_data = array_merge($this->model_journal3_filter->parseFilterData(), $filter_data);]]>
			</add>
		</operation> -->

		<operation error="log">
			<search>
				<![CDATA[$product_total = $this->model_journal3_filter->getTotalProducts();]]>
			</search>
			<add position="replace">
				<![CDATA[$product_total = $this->model_catalog_product->getTotalProducts($filter_data);]]>
			</add>
		</operation>

		<!-- <operation error="log">
			<search>
				<![CDATA[$results = $this->model_journal3_filter->getProducts($filter_data);]]>
			</search>
			<add position="replace">
				<![CDATA[$results = $this->model_catalog_product->getProducts($filter_data);]]>
			</add>
		</operation> -->

		<!-- <operation error="log">
			<search>
				<![CDATA[$url .= $this->model_journal3_filter->buildFilterData($filter_data);]]>
			</search>
			<add position="replace">
				<![CDATA[// $url .= $this->model_journal3_filter->buildFilterData($filter_data);]]>
			</add>
		</operation> -->
	</file>
    <file path="catalog/controller/product/special.php">
		<!-- <operation error="log">
			<search>
				<![CDATA[$filter_data['special'] = true;]]>
			</search>
			<add position="replace">
				<![CDATA[// $filter_data['special'] = true;]]>
			</add>
		</operation> -->
		<!-- <operation error="log">
			<search>
				<![CDATA[$filter_data = array_merge($this->model_journal3_filter->parseFilterData(), $filter_data);]]>
			</search>
			<add position="replace">
				<![CDATA[// $filter_data = array_merge($this->model_journal3_filter->parseFilterData(), $filter_data);]]>
			</add>
		</operation> -->
		<!-- <operation error="log">
			<search>
				<![CDATA[$product_total = $this->model_journal3_filter->getTotalProducts();]]>
			</search>
			<add position="replace">
				<![CDATA[$product_total = $this->model_catalog_product->getTotalProductSpecials();]]>
			</add>
		</operation> -->
		<!-- <operation error="log">
			<search>
				<![CDATA[$results = $this->model_journal3_filter->getProducts($filter_data);]]>
			</search>
			<add position="replace">
				<![CDATA[$results = $this->model_catalog_product->getProductSpecials($filter_data);]]>
			</add>
		</operation> -->
		<!-- <operation error="log">
			<search>
				<![CDATA[$url .= $this->model_journal3_filter->buildFilterData($filter_data);]]>
			</search>
			<add position="replace">
				<![CDATA[// $url .= $this->model_journal3_filter->buildFilterData($filter_data);]]>
			</add>
		</operation> -->
	</file>
</modification>
