<?xml version="1.0" encoding="utf-8"?>

<!--
@name     OpenCart
@package  Sorting Manager|Journal Xdiscount
@author   Andrii Burkatskyi, ocmod.space@gmail.com
@version  1.5.5
@link     https://www.ocmod.space/sorting-manager
@link     https://www.opencart.com/index.php?route=marketplace/extension/info&extension_id=38651
@link     https://github.com/ocmod-space/ocmod-sorting-manager
@licence  https://raw.githubusercontent.com/ocmod-space/ocmod-sorting-manager/main/EULA.txt
-->

<modification>
	<name>/ocmod.space/sorting_manager/journal_xdiscount</name>
	<code>sorting-manager--journal_xdiscount</code>
	<version>1.5.5</version>
	<author>Andrii Burkatskyi</author>
	<link>https://www.opencart.com/index.php?route=marketplace/extension&amp;filter_member=ocmod.space</link>

	<file path="catalog/model/journal3/filter.php" error="log">
		<operation error="log">
			<search info="">
				<![CDATA[) discount,]]>
			</search>
			<add position="after">
				<![CDATA[		" . (empty($xdiscounts) ? "]]>
			</add>
		</operation>

		<operation error="log">
			<search info="">
				<![CDATA[) reduction,]]>
			</search>
			<add position="after">
				<![CDATA[		" : "]]>
			</add>
		</operation>

		<operation error="log">
			<search info="">
				<![CDATA[) reduction,]]>
			</search>
			<add position="after" offset="2">
				<![CDATA[		") . "]]>
			</add>
		</operation>

		<operation error="log">
			<search info="">
				<![CDATA[$filter_data['order'] = self::$ORDER[0];]]>
			</search>
			<add position="after" offset="1">
				<![CDATA[
		/// <<< /ocmod.space/sorting_manager/journal_xdiscount
		$xdiscount_special_page = $this->config->get((VERSION >= '3.0.0.0' ? 'module_' : '') . 'xdiscount_special_page');
		$xdiscount_status = $this->config->get((VERSION >= '3.0.0.0' ? 'module_' : '') . 'xdiscount_status');

		if ($xdiscount_status && $xdiscount_special_page != 'oc' && $this->xdiscount) {
			$this->load->model('extension/module/xdiscount');
			$xdiscounts = $this->model_extension_module_xdiscount->getProductSpecials();
		}

		if (!empty($xdiscounts)) {
			$this->db->query("DROP TEMPORARY TABLE IF EXISTS `" . DB_PREFIX . "temp_product_special`");

			$this->db->query("
				CREATE TEMPORARY TABLE IF NOT EXISTS `"  . DB_PREFIX . "temp_product_special` (
					`product_id` int(11) NOT NULL,
					`price` decimal(15,4) NOT NULL DEFAULT '0.0000',
					`special` decimal(15,4) NOT NULL DEFAULT '0.0000'
				)"
			);

			$insert_values = [];

			foreach ($xdiscounts as $product_id => $product) {
				$special = $product['special'];
				$price = $product['ocm_price'];
				$insert_values[] = "($product_id, $price, $special)";
			}

			$insert_query = "
				INSERT INTO
					`"  . DB_PREFIX . "temp_product_special` (`product_id`, `price`, `special`)
				VALUES " . implode(',', $insert_values);

			$this->db->query($insert_query);

			$xdiscount_query1 = ",(
				SELECT (1 - tps.special/p.price)
				FROM
					`" . DB_PREFIX . "temp_product_special` tps
				WHERE
					tps.product_id = p.product_id
				ORDER BY tps.special ASC LIMIT 1
			) reduction";

			$xdiscount_query2 = ",(
				SELECT tps2.special
				FROM
					`" . DB_PREFIX . "temp_product_special` tps2
				WHERE
					tps2.product_id = p.product_id
				ORDER BY tps2.special ASC LIMIT 1
			) special";
		}
		/// >>> /ocmod.space/sorting_manager/journal_xdiscount]]>
			</add>
		</operation>

		<operation error="log">
			<search info="">
				<![CDATA[if (Arr::get($filter_data, 'sort') === 'sales') {]]>
			</search>
			<add position="before">
				<![CDATA[
		/// >>> /ocmod.space/sorting_manager/journal_xdiscount
		$sql .= $xdiscount_query1 ?? '';
		$sql .= $xdiscount_query2 ?? '';
		/// >>> /ocmod.space/sorting_manager/journal_xdiscount]]>
			</add>
		</operation>

	</file>
</modification>
